0.140093,5360
0.180651,5896
0.181595,6968
0.182539,8040
0.183483,9112
0.184427,10184
0.221166,11256
0.22211,12328
0.223054,13400
0.223998,14472
0.224942,15544
0.225886,16616
0.22683,17688
0.227774,18760
0.228718,19832
0.261682,20904
0.262626,21976
0.26357,23048
0.264514,24120
0.265458,25192
0.266402,26264
0.267346,27336
0.26829,28408
0.269234,29480
0.270178,30552
0.271122,31624
0.272066,32696
0.27301,33768
0.273954,34840
0.274898,35912
0.275842,36984
0.276786,38056
0.27773,39128
0.302197,40200
0.303141,41272
0.304085,42344
0.305029,43416
0.305973,44488
0.306917,45560
0.307861,46632
0.308805,47704
0.309749,48776
0.310693,49848
0.311637,50920
0.312581,51992
0.313525,53064
0.314469,54136
0.315413,55208
0.316357,56280
0.317301,57352
0.318245,58424
0.319189,59496
0.320133,60568
0.321077,61640
0.322021,62712
0.322965,63784
0.323909,64856
0.324853,65928
0.325797,67000
0.326741,68072
0.327685,69144
0.328629,70216
0.329573,71288
0.330517,72360
0.331461,73432
0.332405,74504
0.333349,75576
0.334293,76648
0.335237,77720
0.342712,78792
0.343656,79864
0.3446,80936
0.345544,82008
0.346488,83080
0.347432,84152
0.348376,85224
0.34932,86296
0.350264,87368
0.351208,88440
0.352152,89512
0.353096,90584
0.35404,91656
0.354984,92728
0.355928,93800
0.356872,94872
0.357816,95944
0.35876,97016
0.359704,98088
0.360648,99160
0.361592,100232
0.362536,101304
0.36348,102376
0.364424,103448
0.365368,104520
0.366312,105592
0.367256,106664
0.3682,107736
0.369144,108808
0.370088,109880
0.371032,110952
0.371976,112024
0.37292,113096
0.373864,114168
0.374808,115240
0.375752,116312
0.376696,117384
0.37764,118456
0.378584,119528
0.379528,120600
0.380472,121672
0.381416,122744
0.38236,123816
0.3918,124352
0.40124,124888
0.41068,125424
0.42012,125960
0.42956,126496
0.439,127032
0.44844,127568
0.45788,128104
0.46732,128640
0.47676,129176
0.4862,129712
0.49564,130248
0.50508,130784
0.561254,128960
0.561726,128637
0.562198,128475
0.56267,128313
0.563142,128151
0.563614,127989
0.564086,127827
0.564558,127665
0.56503,127503
0.565502,127341
0.565974,127179
0.566446,127017
0.566918,126855
0.56739,126693
0.567862,126531
0.568334,126369
0.568806,126208
0.569278,126046
0.56975,125884
0.570222,125722
0.570694,125560
0.571166,125398
0.571638,125236
0.57211,125074
0.572582,124912
0.573054,124750
0.573526,124588
0.573998,124426
0.57447,124264
0.574942,124102
0.575414,123940
0.575886,123778
0.576358,123616
0.57683,123455
0.577302,123293
0.577774,123131
0.578246,122969
0.578718,122807
0.57919,122645
0.579662,122483
0.580134,122321
0.580606,122159
0.581078,121997
0.58155,121835
0.582022,121673
0.582494,121511
0.582966,121349
0.583438,121187
0.58391,121025
0.584382,120864
0.584854,120702
0.585326,120540
0.585798,120378
0.58627,120216
0.586742,120054
0.587214,119892
0.587686,119730
0.588158,119568
0.58863,119406
0.589102,119244
0.589574,119082
0.590046,118920
0.590518,118758
0.59099,118596
0.591462,118434
0.591934,118272
0.592406,118111
0.592878,117949
0.59335,117787
0.593822,117625
0.594294,117463
0.594766,117301
0.595238,117139
0.59571,116977
0.596182,116815
0.596654,116653
0.597126,116491
0.597598,116329
0.59807,116167
0.598542,116005
0.599014,115843
0.599486,115681
0.599958,115520
0.60043,115358
0.600902,115196
0.601374,115034
0.601846,114872
0.602318,113952
0.60279,113416
0.603262,112880
0.603734,112344
0.604206,111808
0.604678,111272
0.60515,110736
0.605622,110200
0.606094,109664
0.606566,109128
0.607038,108592
0.60751,108056
0.607982,107520
0.608454,106984
0.608926,106448
0.609398,105912
0.60987,105376
0.610342,104840
0.610814,104304
0.611286,103768
0.611758,103232
0.61223,102696
0.612702,102160
0.613174,101624
0.613646,101088
0.614118,100552
0.61459,100016
0.615062,99480
0.615534,98944
0.616006,98408
0.616478,97872
0.61695,97336
0.617422,96800
0.617894,96264
0.618366,95728
0.618838,95192
0.61931,94656
0.619782,94120
0.620254,93584
0.620694,93088
0.621166,92552
0.6216,92064
0.622072,91528
0.622506,91120
0.622978,91040
0.624355,90552
0.631581,90376
0.632486,89888
0.633392,89400
0.634298,88912
0.63477,88424
0.641995,88248
0.642901,87760
0.643806,87272
0.644712,86784
0.645184,86296
0.65241,86120
0.653315,85632
0.654221,85144
0.654693,84656
0.659891,84120
0.661453,83944
0.662358,83456
0.663264,82968
0.66417,82480
0.664642,81992
0.671867,81816
0.672773,81328
0.673678,80840
0.674112,80304
0.674578,14424
0.732627,91120
0.775974,91656
0.797686,92192
0.82223,92728
0.849606,93264
0.876982,93800
0.904358,94336
0.931734,94872
0.95911,95408
0.98743,95944
1.01481,96480
1.04313,97016
1.07145,97552
1.09977,98088
1.12903,98624
1.15735,99160
1.18661,99696
1.21588,100232
1.24514,100768
1.27441,101304
1.30367,101840
1.33388,102376
1.36314,102912
1.39335,103448
1.4245,103984
1.45849,104520
1.49341,105056
1.52834,105592
1.56138,106128
1.60009,106664
1.63596,107200
1.67089,107736
1.71148,108272
1.74924,108808
1.75538,108272
1.75585,107943
1.75632,107778
1.7568,107614
1.75727,107449
1.75774,107284
1.75821,107119
1.75868,106955
1.75916,106790
1.75963,106625
1.7601,106461
1.76057,106296
1.76104,106131
1.76152,105966
1.76199,105802
1.76246,105637
1.76293,105472
1.7634,105308
1.76388,105143
1.76435,104978
1.76482,104813
1.76529,104649
1.76576,104484
1.76624,104319
1.76671,104154
1.76718,103990
1.76765,103825
1.76812,103660
1.7686,103496
1.76907,103331
1.76954,103166
1.77001,103001
1.77048,102837
1.77096,102672
1.77143,102507
1.7719,102343
1.77237,102178
1.77284,102013
1.77332,101848
1.77379,101684
1.77426,101519
1.77473,101354
1.7752,101189
1.77568,101025
1.77615,100860
1.77662,100695
1.77709,100531
1.77756,100366
1.77804,100201
1.77851,100036
1.77898,99872
1.77945,99707
1.77992,99542
1.7804,99378
1.78087,99213
1.78134,99048
1.78181,98883
1.78228,98719
1.78276,98554
1.78323,98389
1.7837,98224
1.78417,98060
1.78464,97895
1.78512,97730
1.78559,97566
1.78606,97401
1.78653,97236
1.787,97071
1.78748,96907
1.78795,96742
1.78842,96577
1.78889,96413
1.78936,96248
1.78984,96083
1.79031,95918
1.79078,95754
1.79125,95589
1.79172,95424
1.7922,95259
1.79267,95095
1.79314,94930
1.79361,94765
1.79408,94601
1.79456,94436
1.79503,94271
1.7955,94106
1.79597,93942
1.79644,93777
1.79692,93612
1.79739,93448
1.79786,93283
1.79833,93118
1.7988,92953
1.79928,92789
1.79975,92624
1.80022,92459
1.80069,92294
1.80116,92130
1.80164,91965
1.80211,91800
1.80258,91636
1.80305,91471
1.80352,91306
1.804,91141
1.80447,90977
1.80494,90080
1.80541,89544
1.80588,89008
1.80636,88472
1.80683,87936
1.8073,87400
1.80777,86864
1.80824,86328
1.80872,85792
1.80919,85256
1.80966,84720
1.81013,84184
1.8106,83648
1.81108,83112
1.81155,82576
1.81202,82040
1.81249,81504
1.81296,80968
1.81344,80432
1.81391,79896
1.81438,79360
1.81485,78824
1.81532,78288
1.8158,77752
1.81627,77216
1.81674,76680
1.81721,76144
1.81768,76112
1.81816,75608
1.85072,76112
1.85072,76648
1.85544,75608
1.85592,75281
1.85639,75117
1.85686,74953
1.85733,74789
1.8578,74625
1.85828,74461
1.85875,74297
1.85922,74133
1.85969,73969
1.86016,73805
1.86064,73641
1.86111,73477
1.86158,73313
1.86205,73150
1.86252,72986
1.863,72822
1.86347,72658
1.86394,72494
1.86441,72330
1.86488,72166
1.86536,72002
1.86583,71838
1.8663,71674
1.86677,71510
1.86724,71346
1.86772,71182
1.86819,71018
1.86866,70854
1.86873,70845
1.91687,70681
1.91735,70517
1.91782,70353
1.91829,70189
1.91876,70025
1.91923,69861
1.91971,69697
1.92018,69533
1.92065,69369
1.92112,69205
1.92159,69041
1.92207,68877
1.92254,68714
1.92301,68550
1.92348,68386
1.92395,68222
1.92443,68058
1.9249,67894
1.92537,67730
1.92584,67566
1.92631,67402
1.92679,67238
1.92726,67074
1.92773,66910
1.9282,66746
1.92867,66582
1.92915,66419
1.92962,66255
1.93009,66091
1.93056,65927
1.93103,65763
1.93151,65599
1.93198,65435
1.93245,65271
1.93292,65107
1.93339,64943
1.93387,64779
1.93434,64615
1.93481,64451
1.93528,64287
1.93575,64123
1.93623,63960
1.9367,63796
1.93717,63632
1.93764,63468
1.93811,63304
1.93859,63140
1.93906,62976
1.93953,62812
1.94,62648
1.94047,62484
1.94095,62320
1.94142,62156
1.94189,61992
1.94236,61828
1.94283,61664
1.94331,61501
1.94378,61337
1.94425,61173
1.94472,61009
1.94519,60845
1.94567,60681
1.94614,60517
1.94661,60353
1.94708,60189
1.94755,60025
1.94803,59861
1.9485,59697
1.94897,59533
1.94944,59369
1.94991,59206
1.95039,59042
1.95086,58878
1.95133,58714
1.9518,58550
1.95227,58386
1.95275,58222
1.95322,58058
1.95369,57894
1.95416,57730
1.95463,57566
1.95511,57402
1.95558,57238
1.95605,57074
1.95652,56910
1.95699,56747
1.95747,56583
1.95794,56419
1.95841,56255
1.95888,56091
1.95935,55927
1.95983,55763
1.9603,55599
1.96077,55435
1.96124,55271
1.96171,55107
1.96219,54943
1.96266,54779
1.96313,54615
1.9636,53600
1.96973,54136
1.9905,54672
2.0528,55208
2.11794,55744
2.18496,56280
2.25482,56816
2.32751,57352
2.40397,57888
2.48327,58424
2.56728,58960
2.65602,59496
2.75042,60032
2.85143,60568
2.95999,61104
3.07799,61640
3.20826,62176
3.35364,62712
3.51978,63248
3.71708,63784
3.87944,64320
3.98612,64856
4.09279,65392
4.2004,65928
4.30896,66464
4.41847,67000
4.52892,67536
4.64031,68072
4.75264,68608
4.86592,69144
4.9792,69680
5.09437,70216
5.20954,70752
5.3266,71288
5.44365,71824
5.5626,72360
5.68154,72896
5.80237,73432
5.9232,73968
6.04498,74504
6.1677,75040
6.29136,75576
6.41597,76112
6.54152,76648
6.66802,77184
6.79546,77720
6.9229,78256
7.05223,78792
7.18156,79328
7.31277,79864
7.44399,80400
7.57709,80936
7.7102,81472
7.84519,82008
7.98018,82544
8.11612,83080
8.253,83616
8.39082,84152
8.52959,84688
8.6693,85224
8.80996,85760
8.95156,86296
9.09316,86832
9.23664,87368
9.38013,87904
9.52551,88440
9.67088,88976
9.81815,89512
9.96541,90048
10.1146,90584
10.2637,91120
10.4138,91656
10.5649,92192
10.7168,92728
10.7725,93264
10.8046,93800
10.8358,94336
10.8669,94872
10.8981,95408
10.9283,95944
10.9585,96480
10.9878,97016
11.017,97552
11.0463,98088
11.0746,98624
11.1039,99160
11.1313,99696
11.1596,100232
11.1869,100768
11.2143,101304
11.2417,101840
11.2681,102376
11.2946,102912
11.321,103448
11.3465,103984
11.3729,104520
11.3984,105056
11.4239,105592
11.4484,106128
11.4739,106664
11.4985,107200
11.523,107736
11.5466,108272
11.5712,108808
11.5948,109344
11.6184,109880
11.6424,109344
11.6429,109013
11.6434,108847
11.6438,108682
11.6443,108516
11.6448,108350
11.6453,108184
11.6457,108019
11.6462,107853
11.6467,107687
11.6472,107522
11.6476,107356
11.6481,107190
11.6486,107024
11.649,106859
11.6495,106693
11.65,106527
11.6505,106362
11.6509,106196
11.6514,106030
11.6519,105864
11.6523,105699
11.6528,105533
11.6533,105367
11.6538,105202
11.6542,105036
11.6547,104870
11.6552,104704
11.6556,104539
11.6561,104373
11.6566,104207
11.6571,104041
11.6575,103876
11.658,103710
11.6585,103544
11.659,103379
11.6594,103213
11.6599,103047
11.6604,102881
11.6608,102716
11.6613,102550
11.6618,102384
11.6623,102219
11.6627,102053
11.6632,101887
11.6637,101721
11.6641,101556
11.6646,101390
11.6651,101224
11.6656,101059
11.666,100893
11.6665,100727
11.667,100561
11.6674,100396
11.6679,100230
11.6684,100064
11.6689,99898
11.6693,99733
11.6698,99567
11.6703,99401
11.6708,99236
11.6712,99070
11.6717,98904
11.6722,98738
11.6726,98573
11.6731,98407
11.6736,98241
11.6741,98076
11.6745,97910
11.675,97744
11.6755,97578
11.6759,97413
11.6764,97247
11.6769,97081
11.6774,96916
11.6778,96750
11.6783,96584
11.6788,96418
11.6792,96253
11.6797,96087
11.6802,95921
11.6807,95755
11.6811,95590
11.6816,95424
11.6821,95258
11.6826,95093
11.683,94927
11.6835,94761
11.684,94595
11.6844,94430
11.6849,94264
11.6854,94098
11.6859,93933
11.6863,93767
11.6868,93601
11.6873,93435
11.6877,93270
11.6882,93104
11.6887,92938
11.6892,92773
11.6896,92607
11.6901,92441
11.6906,92275
11.691,92110
11.6915,91040
11.692,90504
11.6925,89968
11.6929,89432
11.6934,88896
11.6939,88360
11.6944,87824
11.6948,87288
11.6953,86752
11.6958,86216
11.6962,85680
11.6967,85144
11.6972,84608
11.6977,84072
11.6981,83536
11.6986,83000
11.6991,82464
11.6995,81928
11.7,81392
11.7005,80856
11.701,80320
11.7014,79784
11.7019,79248
11.7024,78712
11.7028,78176
11.7033,77640
11.7038,77104
11.7043,76648
11.7047,76568
11.7387,76648
11.7387,77184
11.7425,76568
11.743,76231
11.7434,76063
11.7439,75894
11.7444,75726
11.7449,75557
11.7453,75389
11.7458,75220
11.7463,75052
11.7467,74883
11.7472,74715
11.7477,74546
11.7482,74378
11.7486,74209
11.7491,74041
11.7496,73872
11.75,73704
11.7505,73535
11.751,73367
11.7515,73198
11.7519,73030
11.7524,72861
11.7529,72693
11.7534,72524
11.7538,72356
11.7543,72187
11.7548,72019
11.7552,71850
11.7556,71707
11.8057,71539
11.8062,71370
11.8066,71202
11.8071,71033
11.8076,70865
11.808,70696
11.8085,70528
11.809,70359
11.8095,70191
11.8099,70022
11.8104,69854
11.8109,69685
11.8113,69517
11.8118,69348
11.8123,69180
11.8128,69011
11.8132,68843
11.8137,68674
11.8142,68506
11.8146,68337
11.8151,68169
11.8156,68000
11.8161,67832
11.8165,67663
11.817,67495
11.8175,67326
11.818,67158
11.8184,66989
11.8189,66821
11.8194,66652
11.8198,66484
11.8203,66315
11.8208,66147
11.8213,65978
11.8217,65810
11.8222,65641
11.8227,65473
11.8231,65304
11.8236,65136
11.8241,64967
11.8246,64799
11.825,64630
11.8255,64462
11.826,64293
11.8264,64125
11.8269,63956
11.8274,63788
11.8279,63619
11.8283,63451
11.8288,63282
11.8293,63114
11.8298,62945
11.8302,62777
11.8307,62608
11.8312,62440
11.8316,62271
11.8321,62103
11.8326,61934
11.8331,61766
11.8335,61597
11.834,61429
11.8345,61260
11.8349,61092
11.8354,60923
11.8359,60755
11.8364,60586
11.8368,60418
11.8373,60249
11.8378,60081
11.8382,59912
11.8387,59744
11.8392,59575
11.8397,59407
11.8401,59238
11.8406,59070
11.8411,58901
11.8416,58733
11.842,58564
11.8425,58396
11.843,58227
11.8434,58059
11.8439,57890
11.8444,57722
11.8449,57553
11.8453,57385
11.8458,57216
11.8463,57048
11.8467,56879
11.8472,56711
11.8477,56542
11.8482,56374
11.8486,56205
11.8491,56037
11.8496,55868
11.85,55700
11.8505,55531
11.851,55363
11.8515,55194
11.8519,55026
11.8524,54857
11.8529,54689
11.8534,54520
11.8538,53600
11.9072,54136
11.9261,54672
11.9865,55208
12.0488,55744
12.114,56280
12.181,56816
12.2508,57352
12.3235,57888
12.4,58424
12.4793,58960
12.5633,59496
12.652,60032
12.7464,60568
12.8474,61104
12.956,61640
13.074,62176
13.2043,62712
13.3497,63248
13.5158,63784
13.7131,64320
13.9604,64856
14.1209,65392
14.2285,65928
14.3371,66464
14.4466,67000
14.557,67536
14.6684,68072
14.7808,68608
14.894,69144
15.0073,69680
15.1225,70216
15.2377,70752
15.3547,71288
15.4718,71824
15.5907,72360
15.7097,72896
15.8305,73432
15.9513,73968
16.0731,74504
16.1958,75040
16.3195,75576
16.4441,76112
16.5696,76648
16.6961,77184
16.8236,77720
16.951,78256
17.0803,78792
17.2097,79328
17.3409,79864
17.4721,80400
17.6052,80936
17.7383,81472
17.8733,82008
18.0083,82544
18.1442,83080
18.2811,83616
18.4189,84152
18.5577,84688
18.6974,85224
18.8381,85760
18.9797,86296
19.1213,86832
19.2648,87368
19.4082,87904
19.5536,88440
19.699,88976
19.8463,89512
19.9935,90048
